zubinden	6.58
nachreisen	6.53
absägen	6.47
nachrufen	6.45
nachzahlen	6.40
aufsprengen	6.36
zuschnüren	6.33
zukleben	6.33
nachwerfen	6.33
eingravieren	6.33
zunähen	6.32
durchschieben	6.31
durchrosten	6.29
überschwappen	6.28
nachwürzen	6.27
untermischen	6.26
zuwachsen	6.25
anketten	6.25
zufrieren	6.20
nachproduzieren	6.20
durchkriechen	6.19
zuschließen	6.14
durchmarschieren	6.14
einnähen	6.13
auspumpen	6.13
anfliegen	6.13
abrasieren	6.13
ausgießen	6.09
überkochen	6.07
auskratzen	6.07
aufschneiden	6.07
ankuppeln	6.07
nachsingen	6.04
zuschieben	6.00
umstoßen	6.00
nachschicken	6.00
durchstreichen	6.00
anhängen	6.00
auspressen	5.96
anleuchten	5.95
einrollen	5.93
durchlüften	5.93
aufnehmen	5.93
umwenden	5.92
aufhäufen	5.92
nachfahren	5.91
nachsenden	5.87
durchreißen	5.87
einmauern	5.86
zusenden	5.81
nachtreten	5.81
aufstapeln	5.81
nacharbeiten	5.80
einkleben	5.80
einprogrammieren	5.79
durchwinken	5.79
aufschauen	5.79
nachfliegen	5.77
einspinnen	5.75
angurten	5.75
abschleifen	5.74
nachklingen	5.73
durchleiten	5.73
aussperren	5.71
anhaften	5.71
aufspießen	5.70
untertauchen	5.67
nachsynchronisieren	5.67
nachsprechen	5.67
nachdrucken	5.67
durchzählen	5.67
auftischen	5.67
nachgehen	5.65
anspucken	5.65
eintippen	5.64
andocken	5.64
auswaschen	5.62
umbiegen	5.60
einrammen	5.60
abwählen	5.60
überhängen	5.57
nachtrauern	5.57
anrechnen	5.57
unterpflügen	5.56
nachliefern	5.53
anblasen	5.52
unterkriechen	5.50
abgießen	5.50
abbinden	5.50
ausklappen	5.48
umfüllen	5.47
nachreifen	5.47
anfressen	5.47
abzupfen	5.47
abschicken	5.47
umformen	5.46
aufbohren	5.46
anblicken	5.45
nachfließen	5.43
einschmelzen	5.43
einkapseln	5.43
eingießen	5.43
durcharbeiten	5.40
ausladen	5.40
aufsplittern	5.40
umkrempeln	5.39
umformulieren	5.38
einzwängen	5.38
abmagern	5.38
ankratzen	5.36
abblättern	5.36
umstecken	5.33
umgraben	5.33
überleiten	5.33
eindrehen	5.33
durchrutschen	5.33
durchblättern	5.33
ausspülen	5.33
umlackieren	5.31
durchkauen	5.31
aufspritzen	5.30
umtreten	5.29
nachhallen	5.29
einschwenken	5.29
abteilen	5.29
abkratzen	5.29
einwachsen	5.27
einloggen	5.25
durchseihen	5.25
aufsatteln	5.25
aufrüsten	5.23
umdefinieren	5.22
überstülpen	5.21
aufscheuchen	5.21
zuwuchern	5.20
nachrecherchieren	5.20
nachfordern	5.20
eingliedern	5.20
durchplanen	5.20
ausdehnen	5.20
anmoderieren	5.20
abstützen	5.20
zuhängen	5.19
zuzahlen	5.17
nachpflanzen	5.17
umbrechen	5.15
zuströmen	5.14
unterschieben	5.14
nachzüchten	5.14
anschnallen	5.14
aufsperren	5.13
überwechseln	5.12
zuladen	5.07
nachrechnen	5.07
einplanen	5.07
ansehen	5.07
abfliegen	5.07
zusteuern	5.00
zumischen	5.00
umändern	5.00
aussäen	5.00
auflockern	5.00
aufblähen	5.00
ansteuern	5.00
umquartieren	4.96
umarrangieren	4.95
umwälzen	4.94
umpflanzen	4.94
umplanen	4.93
durchprügeln	4.93
auspflanzen	4.93
abwickeln	4.93
abliefern	4.93
durchschalten	4.92
umpumpen	4.91
auftrennen	4.91
abtauen	4.91
anmischen	4.88
zufassen	4.87
unterhaken	4.87
anfassen	4.86
umladen	4.85
einmieten	4.85
umschulen	4.83
nachkochen	4.83
anklingen	4.83
zuschicken	4.80
zuliefern	4.80
umstimmen	4.80
umgießen	4.77
nachreichen	4.77
einschulen	4.77
ausbuchen	4.75
durchsagen	4.74
anstreben	4.73
anpeilen	4.73
zukneifen	4.71
zufallen	4.71
nachsuchen	4.71
nachhelfen	4.71
anzahlen	4.71
abschwellen	4.71
absammeln	4.71
nachschreiben	4.69
anpfeifen	4.69
andeuten	4.69
zuspringen	4.67
einseifen	4.67
einblenden	4.67
unterheben	4.64
nachstreben	4.64
einschwören	4.64
anfüllen	4.64
zustreben	4.62
ausbohren	4.62
eingraben	4.60
anfordern	4.60
abnutzen	4.60
durchdeklinieren	4.58
aufforsten	4.58
auszählen	4.57
aufbahren	4.57
auskühlen	4.55
aufhorchen	4.55
überbleiben	4.53
anbleiben	4.53
nachordnen	4.50
nachdenken	4.50
aufstufen	4.50
aufragen	4.50
aufdrängen	4.50
anrollen	4.50
anreichern	4.50
anprobieren	4.50
ausstecken	4.48
zumachen	4.47
unterschlüpfen	4.47
nachtragen	4.47
durchdiskutieren	4.47
ausdrehen	4.47
einstrahlen	4.46
anmahnen	4.45
ausweinen	4.44
abschreiten	4.44
umarbeiten	4.43
überstreifen	4.43
einreiten	4.43
einlochen	4.43
anlagern	4.43
abflachen	4.43
zufüttern	4.40
austilgen	4.40
durchrechnen	4.38
zumarschieren	4.35
zustürmen	4.33
nachäffen	4.33
durchatmen	4.33
aussagen	4.33
abstechen	4.33
zurasen	4.32
zureden	4.31
nachschießen	4.31
einschrumpfen	4.31
absagen	4.31
umbetten	4.29
einhängen	4.27
durchhängen	4.27
aufkochen	4.27
aufbauschen	4.27
überordnen	4.25
ausschauen	4.25
ankämpfen	4.23
zunicken	4.21
durchstehen	4.21
auswirken	4.21
aussterben	4.21
auftreffen	4.21
auslernen	4.20
abkommandieren	4.20
abfischen	4.20
umbauen	4.19
einchecken	4.17
abfilmen	4.14
einklinken	4.13
aushelfen	4.11
ausklinken	4.10
angelangen	4.10
umsteuern	4.08
auskochen	4.08
aufpflanzen	4.08
absichern	4.08
umdichten	4.07
einstampfen	4.07
ausdifferenzieren	4.07
absegnen	4.07
abkassieren	4.07
aushorchen	4.04
umhören	4.00
einschiffen	4.00
aufstöbern	4.00
anfärben	4.00
abkapseln	4.00
abjagen	4.00
abformen	4.00
nachhaken	3.96
auslassen	3.96
umtreiben	3.95
auffressen	3.93
anrühren	3.93
ummodeln	3.92
umdeuten	3.92
nachfassen	3.92
aussteuern	3.90
ausgreifen	3.90
abstempeln	3.87
zulegen	3.86
aufbrühen	3.86
eindampfen	3.85
abwiegen	3.83
umdisponieren	3.80
aufbäumen	3.80
zupacken	3.79
umnutzen	3.79
durchmachen	3.79
auswürfeln	3.77
abmachen	3.77
andenken	3.75
aufscheinen	3.71
zuteilen	3.69
nachschenken	3.69
eintauschen	3.67
abnabeln	3.67
unterkommen	3.64
aufklären	3.64
ausreizen	3.62
ausmauern	3.62
aufklaren	3.62
anmachen	3.62
aufhaben	3.60
einschießen	3.57
abknöpfen	3.54
nachsitzen	3.53
aufbessern	3.50
unterbringen	3.47
anfeinden	3.47
abkehren	3.46
einrüsten	3.43
einkesseln	3.43
auspendeln	3.43
nachlösen	3.42
ausspähen	3.40
aufmischen	3.40
zureiten	3.36
ausloten	3.36
unterkriegen	3.33
umspringen	3.33
einsitzen	3.33
anzählen	3.33
nachhängen	3.31
einstellen	3.31
aufschaukeln	3.31
abwinken	3.31
ausnützen	3.30
zutreffen	3.29
zuschanzen	3.29
ausbilden	3.21
ausweiden	3.18
auflehnen	3.15
abtun	3.09
ausmustern	3.07
abschweifen	3.07
ableisten	3.07
eindecken	3.06
ausformulieren	3.00
aufsparen	3.00
anbaggern	3.00
unterjubeln	2.93
einläuten	2.93
anbändeln	2.93
anöden	2.91
ausgründen	2.90
auflachen	2.80
aufwarten	2.77
abmühen	2.77
andrehen	2.73
umkommen	2.71
durchnehmen	2.64
aufleben	2.64
ausstatten	2.60
ausrüsten	2.58
abflauen	2.55
einfallen	2.54
aufbrauchen	2.54
abwiegeln	2.41
durchsetzen	2.40
aussöhnen	2.33
einkehren	2.00
abtrotzen	2.00
zurichten	1.93
anstiften	1.80
